1;Azul Mini;2-4;8;30-45 min;Abstracto,Familiar;Fácil;4;El clásico juego de colocación de azulejos, ahora en versión mini para jugar en cualquier parte.;"Azul Mini logra mantener la elegancia y tensión estratégica del original en un formato sorprendentemente portátil. La calidad de los componentes, a pesar de su tamaño reducido, es excelente, y el tablero magnético evita molestias al jugar en movimiento. Es ideal como juego de viaje, para llevar al bar o al tren, pero también sirve como versión permanente para quienes tienen poco espacio.
Sigue siendo un juego accesible pero con decisiones tácticas que premian la planificación. Perfecto para introducir a nuevos jugadores, pero con suficiente profundidad para los habituales. Si te gusta Azul, esta versión es casi imprescindible.";https://boardgamegeek.com/boardgame/230802/azul;"Reglas simples, estrategia profunda
Escalabilidad excelente
Partidas rápidas";"Puede ser frustrante para algunos
Temática abstracta";VERDADERO;/images/games/azul.jpeg;/rules/azul mini-1752183501153.pdf;[]
2;Pandemic;2-4;13;45-60 min;Cooperativo,Estrategia;Medio;45;Trabajad juntos para salvar el mundo de cuatro enfermedades mortales.;Pandemic es el juego cooperativo por excelencia. La tensión de trabajar contra el reloj mientras las enfermedades se extienden por el mundo es palpable. Cada jugador tiene un rol único con habilidades especiales, lo que fomenta la colaboración y la planificación conjunta. El juego está perfectamente balanceado: es desafiante pero no imposible. Las decisiones son significativas y cada acción cuenta. Es una experiencia que une a los jugadores en lugar de enfrentarlos.;https://boardgamegeek.com/boardgame/30549/pandemic;"Excelente cooperativo
Tensión constante
Roles únicos y balanceados
Rejugabilidad alta";"Puede sufrir de quarterback
Temática puede ser pesada";FALSO;/images/games/pandemic.png;;"[{""icon"":""💡"",""title"":""objetivo"",""content"":""GANAR y GANAR""},{""icon"":""⚡"",""title"":""PASOS"",""content"":""primero tu y luego yo""},{""icon"":""🎲"",""title"":""PREMIO"",""content"":""money money""},{""icon"":""🚫"",""title"":""FINAL"",""content"":""stop""},{""icon"":""⏱️"",""title"":""efw"",""content"":""wefef""}]"
3;Código Secreto;2-8;14;15-30 min;Party,Cooperativo;Fácil;47;Un juego de palabras y deducción para equipos.;Codenames es brillante en su simplicidad. Con solo 25 cartas de palabras, crea infinitas posibilidades de diversión. La mecánica de dar pistas de una palabra para múltiples cartas es genial y genera momentos memorables. Funciona perfectamente con grupos grandes y es inclusivo para jugadores de todas las edades. La tensión de no tocar la carta del asesino añade emoción. Es el party game perfecto que combina estrategia con diversión social.;https://boardgamegeek.com/boardgame/178900/codenames;"Perfecto para grupos grandes
Reglas súper simples
Infinita rejugabilidad
Genera momentos memorables";"Depende del idioma
Puede ser difícil para algunos";FALSO;/images/games/codigo-secreto.jpg;;[]
4;Aventureros al tren;2-5;8;30-60 min;Familiar,Estrategia;Fácil;44;Construye rutas de tren a través de América del Norte.;Ticket to Ride es el gateway game perfecto. Las reglas son simples: colecciona cartas de tren y reclama rutas ferroviarias. Pero las decisiones son interesantes: ¿qué rutas priorizar? ¿cuándo bloquear a los oponentes? El mapa es hermoso y la tensión aumenta cuando las rutas se vuelven escasas. Es accesible para toda la familia pero mantiene suficiente estrategia para jugadores experimentados. La satisfacción de completar rutas largas es inmensa.;https://boardgamegeek.com/boardgame/9209/ticket-ride;"Gateway game ideal
Componentes hermosos
Escalabilidad excelente
Tensión creciente";"Puede ser frustrante si te bloquean
Algo de suerte en el draw";FALSO;/images/games/aventureros-al-tren.webp;;null
5;7 Wonders;2-7;10;30-45 min;Estrategia,Familiar;Medio;43;Construye una de las 7 maravillas del mundo antiguo.;7 Wonders es un juego de drafting brillante que permite hasta 7 jugadores sin aumentar significativamente el tiempo de juego. Cada civilización se siente única y las múltiples rutas hacia la victoria mantienen el juego fresco. La mecánica de drafting simultáneo es elegante y crea decisiones interesantes sobre qué cartas tomar y cuáles negar a los oponentes. Los iconos pueden ser intimidantes al principio, pero una vez aprendidos, el juego fluye perfectamente.;https://boardgamegeek.com/boardgame/68448/7-wonders;"Soporta hasta 7 jugadores
Tiempo de juego constante
Múltiples estrategias viables
Civilizaciones asimétricas";"Iconografía compleja inicialmente
Poca interacción directa";FALSO;/images/games/7-wonders.jpg;;null
6;Catan;3-4;10;60-90 min;Estrategia,Familiar;Medio;42;Coloniza la isla de Catan construyendo ciudades y comerciando recursos.;Catan es el juego que introdujo a millones de personas al mundo de los juegos modernos. La mecánica de comercio e intercambio crea interacción constante entre jugadores, mientras que los dados añaden tensión y variabilidad. La construcción de carreteras y ciudades es satisfactoria, y cada partida se desarrolla de manera diferente según la disposición del tablero. Aunque puede sufrir de suerte en los dados, las decisiones estratégicas y la negociación son fundamentales para la victoria.;https://boardgamegeek.com/boardgame/13/catan;"Gateway game clásico
Mucha interacción entre jugadores
Rejugabilidad alta
Mecánicas accesibles";"Dependiente de la suerte
Puede alargarse demasiado
El líder puede ser atacado";FALSO;/images/games/catan.jpg;;null
7;Trio;3-6;8;15-20 min;Party,Familiar;Fácil;41;Encuentra tríos de cartas con números consecutivos en este rápido juego de cartas.;Trio es un juego de cartas simple pero adictivo donde los jugadores buscan formar tríos de números consecutivos. Las reglas son fáciles de aprender pero las decisiones son constantes: ¿revelar información o mantener el secreto? La tensión aumenta cuando varios jugadores buscan el mismo trío. Es perfecto como filler entre juegos más largos y funciona excelente con familias. La duración corta invita a jugar múltiples rondas seguidas.;https://boardgamegeek.com/boardgame/359970/trio;"Reglas muy simples
Partidas rápidas
Buena tensión
Perfecto como filler";"Puede ser repetitivo
Poca profundidad estratégica";FALSO;/images/games/trio.jpg;;null
8;Manchas;2-4;8;20-30 min;Abstracto,Familiar;Fácil;39;Coloca fichas de colores para crear patrones y conseguir puntos.;Manchas es un juego abstracto de colocación de fichas donde los jugadores compiten por crear los mejores patrones de colores. La mecánica es simple pero las decisiones son interesantes, especialmente cuando se trata de bloquear a los oponentes. Los componentes son coloridos y atractivos, lo que lo hace especialmente atractivo para familias con niños. Aunque no tiene la profundidad de otros abstractos, ofrece suficiente estrategia para mantener el interés de jugadores más experimentados.;https://boardgamegeek.com/boardgame/123456/manchas;"Componentes coloridos
Fácil de aprender
Bueno para familias
Partidas rápidas";"Poca profundidad
Puede volverse predecible";FALSO;/images/games/manchas.jpg;;null
9;High Society;3-5;10;15-30 min;Subasta,Estrategia;Medio;43;Subasta objetos de lujo, pero cuidado de no quedarte sin dinero.;High Society es un brillante juego de subastas de Reiner Knizia donde la gestión del dinero es crucial. Los jugadores pujan por objetos de lujo y cartas de desgracia, pero al final quien tenga menos dinero queda eliminado automáticamente. Esta mecánica crea tensión constante: ¿vale la pena pujar alto por esa carta valiosa? El juego es rápido, tenso y lleno de decisiones difíciles. Cada subasta importa y el timing es fundamental para la victoria.;https://boardgamegeek.com/boardgame/220/high-society;"Mecánica de subasta brillante
Tensión constante
Partidas rápidas
Decisiones difíciles";"Puede ser frustrante
Eliminación de jugadores
Depende del grupo";FALSO;/images/games/high society.webp;;null
10;Splendor Duel;2;10;20-30 min;Estrategia,Cartas;Medio;44;Versión para dos jugadores del clásico Splendor con nuevas mecánicas.;Splendor Duel toma la fórmula exitosa del Splendor original y la adapta perfectamente para dos jugadores. Añade nuevas mecánicas como las cartas de privilegio y múltiples condiciones de victoria que mantienen el juego fresco y emocionante. La tensión es constante ya que ambos jugadores compiten por los mismos recursos y cartas. Los componentes mantienen la calidad del original y las partidas son lo suficientemente rápidas para jugar varias seguidas. Es una evolución natural que mejora la experiencia para dos.;https://boardgamegeek.com/boardgame/364073/splendor-duel;"Perfectamente adaptado para 2
Nuevas mecánicas interesantes
Componentes de calidad
Múltiples rutas a la victoria";"Solo para 2 jugadores
Puede ser intenso para algunos";FALSO;/images/games/splendor-duel.jpeg;;null
11;Jaipur;2;8;20-30 min;Comercio,Cartas;Fácil;45;Comercia con especias y telas en este elegante juego para dos jugadores.;Jaipur es un juego de comercio elegante y accesible que funciona perfectamente para dos jugadores. La mecánica de tomar cartas del mercado central y venderlas por fichas de puntos es simple pero llena de decisiones interesantes. ¿Cuándo vender? ¿Qué cartas tomar? La gestión de la mano limitada añade tensión táctica. Los componentes son hermosos y la temática del comercio en la India está bien integrada. Es perfecto para parejas o como juego de introducción al hobby.;https://boardgamegeek.com/boardgame/54043/jaipur;"Perfecto para 2 jugadores
Reglas simples
Decisiones tácticas
Componentes hermosos";"Solo para 2 jugadores
Puede volverse repetitivo";FALSO;/images/games/jaipur.webp;;null
12;Symbiose;2-4;10;30-45 min;Estrategia,Abstracto;Medio;4;Crea ecosistemas equilibrados en este juego de colocación estratégica.;Symbiose es un juego abstracto donde los jugadores crean ecosistemas colocando fichas de diferentes especies. La mecánica central gira en torno a las relaciones simbióticas entre especies, donde ciertas combinaciones otorgan bonificaciones. El juego requiere planificación a largo plazo y visión espacial, ya que la colocación de cada ficha afecta las posibilidades futuras. Aunque la temática es atractiva, el juego puede resultar algo cerebral para jugadores casuales. Los componentes son funcionales y las partidas ofrecen suficiente variabilidad.;https://boardgamegeek.com/boardgame/234567/symbiose;"Temática interesante
Decisiones estratégicas profundas
Buena rejugabilidad
Mecánicas originales";"Puede ser cerebral
Curva de aprendizaje
Análisis parálisis posible";VERDADERO;/images/games/symbiose.webp;;[]
13;Pelusas;2-6;6;10-15 min;Party,Familiar;Fácil;38;Juego de velocidad y observación con adorables pelusas de colores.;Pelusas es un juego de velocidad y observación perfecto para familias con niños pequeños. Los jugadores deben encontrar rápidamente las pelusas que coincidan con los patrones mostrados en las cartas. La mecánica es simple pero emocionante, especialmente para los más pequeños. Los componentes son coloridos y táctiles, lo que añade diversión al juego. Aunque carece de profundidad estratégica, cumple perfectamente su función como juego familiar ligero. Es ideal para calentar el ambiente o cerrar una sesión de juegos.;https://boardgamegeek.com/boardgame/345678/pelusas;"Perfecto para niños
Componentes atractivos
Partidas muy rápidas
Fácil de transportar";"Sin profundidad estratégica
Puede ser caótico
Limitado para adultos";FALSO;/images/games/pelusas.webp;;null
14;¡Toma 6!;2-10;8;20-30 min;Party,Cartas;Fácil;42;Evita ser el sexto en colocar cartas en las filas en este tenso juego de cartas.;Toma 6 es un juego de cartas brillante que funciona con cualquier número de jugadores. La mecánica es simple: coloca cartas en filas ascendentes, pero si eres el sexto en una fila, te llevas todas las cartas (y sus puntos negativos). La tensión surge de la selección simultánea de cartas y la incertidumbre sobre las decisiones de otros jugadores. Es fácil de explicar pero genera momentos de gran tensión y risas. Perfecto para grupos grandes y como juego de cierre de sesión.;https://boardgamegeek.com/boardgame/432/6-nimmt;"Funciona con muchos jugadores
Reglas muy simples
Tensión y diversión
Partidas rápidas";"Mucha suerte involucrada
Puede ser frustrante
Eliminación indirecta";FALSO;/images/games/toma-6.webp;;null
15;7 Wonders Duel;2;10;30 min;Estrategia,Cartas;Medio;47;Una versión para dos jugadores del clásico 7 Wonders con mecánicas únicas de draft.;7 Wonders Duel es uno de los mejores juegos exclusivamente para dos jugadores. El sistema de draft en pirámide añade tensión y estrategia, y las múltiples condiciones de victoria hacen que cada partida sea distinta. La gestión de recursos y la carrera científica y militar ofrecen profundidad sin sobrecargar. Cada decisión cuenta y el ritmo de juego es excelente.;https://boardgamegeek.com/boardgame/173346/7-wonders-duel;"Ideal para 2 jugadores
Múltiples caminos a la victoria
Alta rejugabilidad
Duración ajustada";"Puede ser agresivo
Iconografía algo compleja";FALSO;/images/games/7-wonders-duel.png;;null
16;Blind Business;3-6;8;15-20 min;Cartas,Party;Fácil;36;Un juego de faroleo rápido donde negocias sin ver tus cartas.;Blind Business es un juego de bluff y deducción en el que los jugadores deben intercambiar cartas sin ver su propio contenido. Es rápido, caótico y genera muchas risas, ideal para grupos grandes. No tiene mucha profundidad, pero su sencillez lo convierte en un buen filler.;https://boardgamegeek.com/boardgame/354921/blind-business;"Muy accesible
Ideal para grupos
Momentos divertidos";"Muy aleatorio
Poca estrategia";FALSO;/images/games/blind-business.jpeg;;null
17;Cortex;2-6;8;15-20 min;Familia,Destreza,Educativo;Fácil;38;Desafía tu mente con pruebas de lógica, memoria y percepción en un juego veloz.;Cortex es una colección de minijuegos mentales que desafían distintas habilidades cognitivas. Cada prueba es breve y distinta, lo que mantiene la atención de todos los jugadores. Es ideal para familias o eventos sociales, aunque su rejugabilidad puede ser limitada una vez conocidas las pruebas.;https://boardgamegeek.com/boardgame/193042/braintopia;"Estimula distintas habilidades
Muy dinámico
Ideal para grupos diversos";"Rejugabilidad limitada
Puede volverse repetitivo";FALSO;/images/games/cortex.jpg;;null
18;Catan (cartas);2;10;45-60 min;Cartas,Estrategia;Medio;39;Versión de cartas para dos jugadores basada en el clásico Catan.;Catan Juego de Cartas adapta el universo de Catan a un formato más compacto y competitivo para dos jugadores. Mantiene la esencia del juego de recursos y añade más profundidad táctica con eventos y mejoras. Puede parecer complejo al inicio, pero ofrece una experiencia rica para quienes buscan un duelo estratégico.;https://boardgamegeek.com/boardgame/278/catan-card-game;"Buena adaptación para 2
Mucha variabilidad
Elementos estratégicos nuevos";"Curva de aprendizaje más alta
Interacción más directa";FALSO;/images/games/catan-cartas.jpg;;null
19;Ciudadelas;2-8;10;30-60 min;Cartas,Bluff,Construcción;Medio;4;Construye tu ciudad y sabotea a tus rivales eligiendo personajes secretos.;Ciudadelas es un juego de roles ocultos donde cada ronda eliges un personaje con habilidades únicas para construir tu ciudad o sabotear a los demás. Tiene mucha interacción y bluff, y escala bien con distintos números de jugadores. Las partidas pueden ser tensas y muy variadas según las elecciones.;https://boardgamegeek.com/boardgame/478/citadels;"Alta interacción
Diferentes personajes y estrategias
Buena escalabilidad";"Downtime con muchos jugadores
Dependencia del grupo";FALSO;/images/games/ciudadelas.webp;;null
20;Coloretto;2-5;8;20-30 min;Cartas,Colección;Fácil;39;Colecciona colores, pero cuidado: solo puntúan tres.;Coloretto es un juego elegante y rápido en el que los jugadores recogen cartas por colores, pero solo tres colores puntúan. El resto resta puntos. Las decisiones sobre cuándo tomar una fila o dejarla para otro jugador generan tensión constante. Simple de aprender, pero con espacio para decisiones tácticas.;https://boardgamegeek.com/boardgame/5782/coloretto;"Reglas muy simples
Rápido y adictivo
Decisiones constantes";"Algo repetitivo
Dependencia de suerte";FALSO;/images/games/coloretto.jpg;;null
21;Deep Sea Adventure;2-6;8;30 min;Push your luck,Familiar;Fácil;41;Explora el fondo marino compartiendo oxígeno con tus rivales.;Deep Sea Adventure es un juego de empujar tu suerte donde los jugadores comparten un tanque de oxígeno mientras buscan tesoros submarinos. Cuanto más cargues, más oxígeno consumes, y puedes quedarte sin aire. Su mezcla de tensión y simplicidad lo hace perfecto como filler con mucha interacción.;https://boardgamegeek.com/boardgame/169654/deep-sea-adventure;"Altísima tensión
Fácil de aprender
Diseño compacto y elegante";"Puede frustrar si nadie coopera
Muy dependiente del grupo";FALSO;/images/games/deep-sea-adventures.webp;;null
22;Exploding Kittens;2-5;7;15 min;Party,Cartas;Fácil;4;Un juego de cartas caótico en el que debes evitar explotar.;Exploding Kittens es un juego rápido, tonto y muy divertido donde los jugadores intentan evitar sacar una carta de 'gato explosivo'. Las cartas especiales permiten ver el futuro, desviar explosiones o barajar el mazo. Ideal para romper el hielo, aunque puede resultar repetitivo tras varias partidas.;https://boardgamegeek.com/boardgame/172225/exploding-kittens;"Muy accesible
Divertido para grupos
Rápido de jugar";"Muy aleatorio
Repetitivo a largo plazo";FALSO;/images/games/exploding-kittens.jpeg;;null
23;Exploding Kittens: Edición 2 jugadores;2;7;10-15 min;Cartas,Party;Fácil;37;Versión compacta de Exploding Kittens para solo dos jugadores.;Esta edición mantiene la esencia del juego original, pero adaptada al juego en pareja. El ritmo es rápido y las partidas tienden a ser más tensas. Aunque pierde algo del caos que ofrece con más jugadores, sigue siendo una opción divertida y portátil para dos.;https://boardgamegeek.com/boardgame/338221/exploding-kittens-2-player-edition;"Portátil
Adaptado para 2
Reglas simples";"Menos interacción
Poca variabilidad";FALSO;/images/games/exploding-kittens-2-jugadores.jpeg;;null
24;Desierto Prohibido;2-5;10;45 min;Cooperativo,Aventura;Medio;41;Sobrevive a una tormenta de arena mientras reconstruyes una nave voladora.;Desierto Prohibido es un juego cooperativo tenso donde los jugadores deben recuperar piezas de una nave antes de ser enterrados por la arena. Ofrece un buen equilibrio entre estrategia, cooperación y azar. Cada jugador tiene un rol con habilidades únicas. Las decisiones son importantes y el tablero cambia constantemente.;https://boardgamegeek.com/boardgame/136063/forbidden-desert;"Alta tensión cooperativa
Rol único por jugador
Tablero modular dinámico";"Puede ser difícil
Requiere buena coordinación";FALSO;/images/games/desierto-prohibido.jpg;;null
25;Fantasma Blitz;2-8;8;20 min;Reflejos,Party;Fácil;42;Sé el más rápido en agarrar el objeto correcto entre cinco opciones.;Fantasma Blitz es un juego de reflejos brillante donde la observación y la velocidad lo son todo. Las cartas presentan objetos con colores y formas mezclados, y los jugadores deben agarrar rápidamente el objeto correcto. Ideal para familias, fiestas y como filler divertido.;https://boardgamegeek.com/boardgame/83195/ghost-blitz;"Altamente dinámico
Risas aseguradas
Reglas inmediatas";"Requiere buena vista
Puede generar caos en grupo";FALSO;/images/games/fantasma-blitz.jpeg;;null
30;Love Letter;2-6;0;20 min;Cartas;Fácil;45;;;;;;VERDADERO;;;"[{""icon"":""🎲"",""title"":""Objetivo"",""content"":""Ser el último jugador en pie o tener la carta de mayor valor al final de la ronda. El primer jugador en ganar un número determinado de rondas (dependiendo del número de jugadores) gana la partida""},{""icon"":""🎲"",""title"":""Preparación"",""content"":""- Baraja las cartas y retira una al azar sin mirarla.\n- Reparte 1 carta a cada jugador.\n- Deja el resto en un mazo boca abajo.""},{""icon"":""🎲"",""title"":""Turno de juego"",""content"":""En tu turno:\n- Roba una carta.\n- Juega una de tus dos cartas.\n- Aplica el efecto de la carta jugada (puede eliminar, espiar, proteger, etc.).""},{""icon"":""🎲"",""title"":""Efectos de cartas"",""content"":""""}]"