id;name;players;min_age;duration;categories;difficulty;rating;description;review;external_link;pros;cons;featured;image;rules_file;rules_sections;;;;;;;;;;;;
1;Azul Mini;2-abr;8;30;Abstracto, Familiar, Puzzles;Fácil;7.8;Versión de viaje del galardonado juego Azul. Los jugadores compiten por la mayor puntuación decorando las paredes del Palacio Real de Évora con hermosos azulejos.;Mantiene toda la esencia del juego original en un formato compacto y con componentes de plástico que aseguran las piezas. Perfecto para llevarlo a cualquier parte sin sacrificar la jugabilidad.;https://boardgamegeek.com/boardgame/230802/azul;Portátil y compacto,Componentes funcionales,Misma jugabilidad que el original;Menos impactante visualmente que la versión grande;false;/images/games/azul.jpeg;;"[{""title"": ""Objetivo del Juego"", ""content"": ""Obtener la mayor puntuación decorando un muro con patrones de azulejos.""},{""title"": ""Fase de Oferta"", ""content"": ""Los jugadores, por turnos, eligen todos los azulejos de un mismo color de una de las Fábricas o del centro de la mesa.""},{""title"": ""Fase de Muro"", ""content"": ""Los jugadores mueven los azulejos de sus líneas de patrón completas a su muro, puntuando por el azulejo colocado y por los adyacentes.""},{""title"": ""Fin del Juego"", ""content"": ""Termina cuando un jugador completa una fila horizontal. El jugador con más puntos gana.}]""";;;;;;;;;;;;
2;Pandemic;2-abr;8;45;Cooperativo, Estrategia;Medio;7.6;Los jugadores son miembros de un equipo de control de enfermedades que deben trabajar juntos para detener la propagación de cuatro plagas mortales y descubrir sus curas.;El juego cooperativo por excelencia. La tensión aumenta en cada turno y obliga a los jugadores a comunicarse y planificar juntos. Cada partida es un nuevo puzle que resolver.;https://boardgamegeek.com/boardgame/30549/pandemic;Gran experiencia cooperativa,Tensión creciente,Roles asimétricos;Puede ser difícil de ganar,Efecto líder (un jugador domina las decisiones);false;/images/games/pandemic.png;;"[{""title"": ""Objetivo del Juego"", ""content"": ""Descubrir la cura para las cuatro enfermedades antes de que el juego termine.""},{""title"": ""Turno del Jugador"", ""content"": ""Realizas 4 acciones (moverte, tratar enfermedad, etc.), luego robas 2 cartas de jugador y finalmente infectas ciudades.""},{""title"": ""Condiciones de Derrota"", ""content"": ""Se pierde si hay demasiados brotes, si se agotan los cubos de una enfermedad o si se acaba el mazo de jugador.""},{""title"": ""Condición de Victoria"", ""content"": ""El equipo gana inmediatamente si descubre la cura para las cuatro enfermedades.}]""";;;;;;;;;;;;
3;Código Secreto;2-ago;10;15;Party, Deducción, Palabras;Fácil;7.5;Dos equipos compiten para ver quién puede hacer contacto con todos sus agentes primero. Los jefes de espías dan pistas de una palabra que pueden apuntar a múltiples palabras en el tablero.;Ingenioso y adictivo. Pone a prueba la capacidad de conectar conceptos y de pensar como tu compañero. Las partidas son rápidas y siempre dejan con ganas de más. Funciona genial a cualquier número de jugadores.;https://boardgamegeek.com/boardgame/178900/codenames;Muy rejugable,Fomenta la comunicación en equipo,Partidas rápidas y tensas;Requiere pensar de forma lateral,Una mala pista puede condenar la partida;false;/images/games/codigo-secreto.jpg;;"[{""title"": ""Objetivo del Juego"", ""content"": ""Ser el primer equipo en identificar todas sus palabras en el tablero.""},{""title"": ""El Turno del Jefe de Espías"", ""content"": ""Da una pista de una palabra y un número para que su equipo adivine varias palabras.""},{""title"": ""El Turno de los Agentes"", ""content"": ""El equipo discute y señala las palabras que creen que se corresponden con la pista.""},{""title"": ""Fin del Juego"", ""content"": ""El primer equipo que cubra todas sus palabras gana. Si se señala al asesino, se pierde inmediatamente.}]""";;;;;;;;;;;;
4;Aventureros al Tren;2-may;8;45;Familiar, Estrategia;Fácil;7.4;Un juego de aventuras en tren a través del país. Los jugadores recolectan cartas de ciertos tipos de vagones que les permiten reclamar rutas ferroviarias que conectan ciudades.;Un juego elegante y accesible, perfecto como puerta de entrada a juegos más complejos. La mecánica de coleccionar sets de cartas para reclamar rutas es muy satisfactoria. Hay una tensión constante por coger las cartas que necesitas antes que los demás.;https://boardgamegeek.com/boardgame/9209/ticket-ride;Reglas muy sencillas,Componentes de alta calidad,Tensión por las rutas;" ""Puede ser frustrante si te bloquean, El azar en el robo de cartas es importante""";false;/images/games/aventureros-al-tren.webp;;"[{""title"": ""Objetivo del Juego"", ""content"": ""Conseguir la mayor cantidad de puntos reclamando rutas y completando billetes de destino.""},{""title"": ""Acciones del Turno"", ""content"": ""Solo puedes hacer una de tres acciones: robar cartas de vagón, reclamar una ruta o robar nuevos billetes de destino.""},{""title"": ""Puntuación"", ""content"": ""Se ganan puntos al reclamar rutas y al final de la partida por los billetes de destino completados.""},{""title"": ""Fin del Juego"", ""content"": ""Se activa cuando a un jugador le quedan dos o menos vagones.}]""";;;;;;;;;;;;
5;7 Wonders;2-jul;10;30;Estrategia, Cartas, Draft;Medio;7.7;Dirige una de las siete grandes ciudades del mundo antiguo. Consigue recursos, desarrolla rutas comerciales y afirma tu supremacía militar para construir una maravilla arquitectónica que trascienda en el tiempo.;Un juego de draft de cartas casi perfecto. Es rápido, escala increíblemente bien de 3 a 7 jugadores y ofrece múltiples caminos hacia la victoria. La interacción es indirecta pero constante.;https://boardgamegeek.com/boardgame/68448/7-wonders;Partidas rápidas,Escala muy bien,Múltiples estrategias;Requiere varias partidas para entender la iconografía,Poca interacción directa;false;/images/games/7-wonders.jpg;;"[{""title"": ""Objetivo del Juego"", ""content"": ""Obtener la mayor cantidad de puntos de victoria al final de tres eras.""},{""title"": ""Mecánica de Draft"", ""content"": ""En cada era, los jugadores eligen una carta de su mano y pasan el resto al siguiente jugador.""},{""title"": ""Conflicto Militar"", ""content"": ""Al final de cada era, comparas tu fuerza militar con la de tus vecinos para ganar o perder puntos.""},{""title"": ""Fin del Juego"", ""content"": ""Después de la tercera era, se suman todos los puntos de victoria. El jugador con más puntos gana.}]""";;;;;;;;;;;;
6;Catan;3-jun;10;90;Estrategia, Familiar, Negociación;Medio;7.1;Los jugadores asumen el papel de colonos, cada uno intentando construir y desarrollar sus posesiones mientras comercian y adquieren recursos. Gana el primero en llegar a 10 puntos de victoria.;El clásico juego de iniciación a la estrategia. La combinación de gestión de recursos, negociación con otros jugadores y un poco de suerte con los dados lo convierte en un juego muy rejugable y siempre diferente.;https://boardgamegeek.com/boardgame/13/catan;Alta rejugabilidad,Fomenta la negociación,Reglas asequibles;Dependencia de los dados,Puede ser largo para algunos;false;/images/games/catan.jpg;;"[{""title"": ""Objetivo del Juego"", ""content"": ""Ser el primer jugador en alcanzar 10 puntos de victoria.""},{""title"": ""Fases del Turno"", ""content"": ""1. **Producción de Recursos:** Lanza dos dados para ver qué terrenos producen. \n2. **Comercio:** Intercambia recursos con otros jugadores o con el banco. \n3. **Construcción:** Gasta recursos para construir carreteras, poblados o ciudades.""},{""title"": ""Fin del Juego"", ""content"": ""El primer jugador que alcance 10 o más puntos de victoria en su turno gana.}]""";;;;;;;;;;;;
7;Trio;3-jun;6;15;Party, Memoria;Fácil;7.2;Un juego de cartas donde los jugadores intentan encontrar tríos de cartas idénticas. Para ello, pueden revelar cartas de la mesa o pedir a los oponentes que revelen sus cartas más altas o más bajas.;Sorprendentemente adictivo y tenso. Es una mezcla de memoria, deducción y un poco de suerte que genera momentos muy emocionantes. Ideal para toda la familia.;https://boardgamegeek.com/boardgame/391523/trio;Reglas ultra sencillas,Partidas muy rápidas,Adictivo y tenso;El azar puede ser decisivo;false;/images/games/trio.jpg;;"[{""title"": ""Objetivo del Juego"", ""content"": ""Ser el primer jugador en conseguir tres tríos de cartas.""},{""title"": ""Turno del Jugador"", ""content"": ""En tu turno, revelas cartas una a una. Puedes levantar una carta del centro o pedir a un oponente su carta más alta o más baja.""},{""title"": ""Encontrar un Trío"", ""content"": ""Si en tu turno revelas tres cartas idénticas, has encontrado un trío y lo guardas. Si revelas dos cartas diferentes, se vuelven a tapar y pierdes el turno.""},{""title"": ""Fin del Juego"", ""content"": ""El primer jugador que consigue tres tríos gana. También se puede ganar consiguiendo el trío de sietes.}]""";;;;;;;;;;;;
8;Manchas;1-abr;5;30;Familiar, Abstracto;Fácil;6.5;Un juego de rapidez visual para los más pequeños. Hay que ser el más rápido en encontrar la mancha de color que falta en las cartas de monstruos.;Un juego perfecto para introducir a los niños en los juegos de mesa. Es rápido, colorido y muy fácil de entender. Ayuda a desarrollar la percepción visual y la velocidad de reacción.;https://boardgamegeek.com/boardgame/233939/manchas;Ideal para niños pequeños,Educativo y divertido,Partidas muy cortas;Exclusivamente infantil;false;/images/games/manchas.jpg;;"[{""title"": ""Objetivo del Juego"", ""content"": ""Ser el jugador que consiga más cartas al final de la partida.""},{""title"": ""Cómo Jugar"", ""content"": ""Se revela una carta de monstruo. Todos los jugadores a la vez buscan entre las 6 fichas de mancha de color cuál es la que NO aparece en el monstruo.""},{""title"": ""Coger la Mancha"", ""content"": ""El primer jugador que coge la ficha de mancha correcta, gana la carta de monstruo como punto.""},{""title"": ""Fin del Juego"", ""content"": ""El juego termina cuando se acaba el mazo de monstruos. Quien más cartas tenga, gana.}]""";;;;;;;;;;;;
9;High Society;3-may;10;15;Subastas, Cartas, Faroleo;Fácil;7.1;Los jugadores pujan para conseguir cartas de estatus (puntos) y evitar las cartas de desdicha (puntos negativos), pero con una trampa: al final, el jugador con menos dinero es eliminado automáticamente.;Un juego de subastas elegante y cruel. La gestión del dinero es clave, ya que no solo sirve para ganar las pujas, sino para no ser eliminado. Cada decisión es tensa y significativa.;https://boardgamegeek.com/boardgame/227/high-society;Mecánica de subasta muy inteligente,Partidas rápidas y tensas,Mucha interacción;Puede ser frustrante ser eliminado,El orden de las cartas puede desequilibrar la partida;false;/images/games/high society.webp;;"[{""title"": ""Objetivo del Juego"", ""content"": ""Tener la mayor puntuación total sin ser el jugador con menos dinero.""},{""title"": ""Subastas"", ""content"": ""Se revela una carta y los jugadores pujan por ella usando sus cartas de dinero. El ganador se lleva la carta y pierde el dinero pujado.""},{""title"": ""La Trampa"", ""content"": ""Al final de la partida, el jugador que tenga menos dinero en su mano es eliminado, sin importar los puntos que haya conseguido.""},{""title"": ""Fin del Juego"", ""content"": ""Tras subastar todas las cartas, el jugador con menos dinero es descalificado. De los restantes, gana el que tenga más puntos.}]""";;;;;;;;;;;;
10;Splendor Duel;2;10;20;Estrategia, Abstracto, Cartas;Medio;8;Una versión para dos jugadores del aclamado Splendor, con nuevas acciones, condiciones de victoria y una mayor interacción. Los jugadores compiten por gemas y perlas en un tablero común.;Mejora al original en casi todo para la experiencia a dos. La interacción es más directa gracias al tablero y las nuevas condiciones de victoria añaden más tensión y caminos estratégicos.;https://boardgamegeek.com/boardgame/364023/splendor-duel;Más estratégico que el original,Mayor interacción,Tres formas de ganar;Solo para dos jugadores;false;/images/games/splendor-duel.jpeg;;"[{""title"": ""Objetivo del Juego"", ""content"": ""Ser el primer jugador en cumplir una de las tres condiciones de victoria: 20 puntos de prestigio, 10 coronas o 10 puntos en un solo color.""},{""title"": ""Tablero de Gemas"", ""content"": ""Los jugadores cogen fichas de un tablero central, con reglas específicas sobre cómo cogerlas en línea recta.""},{""title"": ""Nuevas Acciones y Cartas"", ""content"": ""Hay cartas con habilidades especiales y una nueva acción para rellenar el tablero de gemas.""},{""title"": ""Fin del Juego"", ""content"": ""El juego termina inmediatamente cuando un jugador cumple una de las tres condiciones de victoria.}]""";;;;;;;;;;;;
11;Jaipur;2;10;20;Cartas, Económico;Fácil;7.5;Un juego de cartas para dos jugadores en el que compites por ser el mercader oficial del Maharajá. Para ello, deberás comerciar y vender mercancías de forma más astuta que tu rival.;Uno de los mejores juegos para dos jugadores. Es rápido, con decisiones interesantes sobre cuándo coger cartas y cuándo vender. La tensión de esperar a tener un gran set de cartas o vender antes de que se agoten las fichas es constante.;https://boardgamegeek.com/boardgame/54043/jaipur;Perfecto para dos jugadores,Rápido y con decisiones interesantes,Equilibrio entre suerte y estrategia;El azar en el robo de cartas puede influir;false;/images/games/jaipur.webp;;"[{""title"": ""Objetivo del Juego"", ""content"": ""Ganar dos de tres rondas consiguiendo más puntos que tu oponente.""},{""title"": ""Acciones del Turno"", ""content"": ""En tu turno, puedes coger cartas del mercado (una, varias o todos los camellos) o vender un tipo de mercancía de tu mano.""},{""title"": ""Puntuación"", ""content"": ""Ganas puntos vendiendo mercancías. Vender grandes cantidades de una vez otorga fichas de bonificación.""},{""title"": ""Fin de la Ronda"", ""content"": ""La ronda termina cuando se agotan tres tipos de fichas de mercancía o el mazo de robo. El jugador con más puntos gana la ronda.}]""";;;;;;;;;;;;
12;Symbiose;2-abr;8;15;Abstracto, Naturaleza, Faroleo;Fácil;6.8;Un juego de faroleo y deducción para dos jugadores. Cada jugador intenta adivinar el animal secreto del otro jugando cartas de su mano que comparten características con dicho animal.;Un pequeño juego de deducción muy original. La gracia está en dar pistas sutiles con tus cartas para no revelar tu animal demasiado pronto, mientras intentas descifrar el del oponente.;https://boardgamegeek.com/boardgame/343384/symbiose;Original y rápido,Mucha deducción en poco tiempo,Bonitas ilustraciones;Puede ser un poco repetitivo;false;/images/games/symbiose.webp;;"[{""title"": ""Objetivo del Juego"", ""content"": ""Adivinar el animal secreto de tu oponente antes de que él adivine el tuyo.""},{""title"": ""Preparación"", ""content"": ""Cada jugador elige en secreto una de las 8 cartas de animal y recibe una mano de cartas de juego.""},{""title"": ""Turno del Jugador"", ""content"": ""Juegas una carta de tu mano que comparta al menos una característica (hábitat, dieta, etc.) con tu animal secreto.""},{""title"": ""Adivinar"", ""content"": ""En lugar de jugar una carta, puedes intentar adivinar el animal de tu oponente. Si aciertas, ganas. Si fallas, pierdes.}]""";;;;;;;;;;;;
13;Pelusas;2-jun;7;20;Party, Cartas, Habilidad;Fácil;6.9;¡Las Pelusas están por todas partes! Un juego de cartas en el que debes agrupar a estas adorables criaturas por colores. Pero cuidado, si no puedes jugar una carta, ¡te llevas todo el montón!;Un juego muy sencillo y rápido con un toque de 'Toma 6!'. Es ideal para familias y para rellenar pequeños huecos. El arte es muy simpático y las reglas no pueden ser más simples.;https://boardgamegeek.com/boardgame/256391/pelusas;Muy fácil y rápido de jugar,Ideal para familias,Componentes adorables;Muy dependiente del azar;false;/images/games/pelusas.webp;;"[{""title"": ""Objetivo del Juego"", ""content"": ""Ser el jugador con menos puntos (pelusas) al final de la partida.""},{""title"": ""Cómo Jugar"", ""content"": ""En tu turno, juegas una carta de tu mano en una de las cuatro filas. La carta debe ser del mismo color que la primera de la fila o tener el mismo número de pelusas.""},{""title"": ""Llevarse el Montón"", ""content"": ""Si no puedes jugar ninguna carta legalmente, debes recoger una de las filas y añadirla a tu pila de puntos.""},{""title"": ""Fin del Juego"", ""content"": ""La partida termina cuando un jugador se queda sin cartas. Todos cuentan las pelusas de las cartas que han recogido. Quien menos tenga, gana.}]""";;;;;;;;;;;;
14;¡Toma 6!;2-oct;8;30;Party, Cartas, Familiar;Fácil;6.9;Un juego de cartas simultáneo en el que los jugadores intentan evitar coger cartas. Cada carta que coges te da puntos negativos (cabezas de buey).;Un clásico que nunca falla en grupos grandes. Es caótico, impredecible y muy divertido. La tensión de elegir una carta y no saber si te obligará a llevarte una fila llena de puntos es genial.;https://boardgamegeek.com/boardgame/432/toma-6;Funciona genial con grupos grandes,Reglas muy sencillas,Caótico y divertido;Muy táctico, poco estratégico,El caos puede no gustar a todos;false;/images/games/toma-6.webp;;"[{""title"": ""Objetivo del Juego"", ""content"": ""Acabar la partida con la menor cantidad de puntos negativos (cabezas de buey).}";;;;;;;;;;;;
15;7 Wonders Duel;2;10;30;Estrategia, Cartas, Civilizaciones;Medio;8.1;Una adaptación para dos jugadores de 7 Wonders. Los jugadores compiten por la supremacía militar, científica o civil. La interacción es mucho más directa que en el juego original.;Una obra maestra de los juegos para dos. Cada carta que coges importa, no solo por lo que te da a ti, sino por lo que le niegas a tu oponente. Las múltiples condiciones de victoria mantienen la tensión hasta el final.;https://boardgamegeek.com/boardgame/173346/7-wonders-duel;Muy estratégico y tenso,Interacción muy directa,Tres formas de ganar;Solo para dos jugadores,La preparación puede ser algo tediosa;false;/images/games/7-wonders-duel.png;;"[{""title"": ""Objetivo del Juego"", ""content"": ""Ganar por supremacía militar, científica o por tener más puntos de victoria al final de la partida.""},{""title"": ""Draft de Cartas"", ""content"": ""Las cartas se disponen en una estructura en el centro de la mesa. En tu turno, coges una carta que no esté cubierta por otras.""},{""title"": ""Condiciones de Victoria"", ""content"": ""- **Militar:** Si el marcador de conflicto llega a la capital de tu oponente. \n- **Científica:** Si consigues 6 símbolos científicos diferentes. \n- **Civil:** Si nadie gana antes, el jugador con más puntos al final de la tercera era.""},{""title"": ""Fin del Juego"", ""content"": ""El juego termina inmediatamente si se cumple una condición de victoria militar o científica, o al final de la tercera era.}]""";"{""""title"""": """"Preparación""""";" """"content"""": """"Se colocan 4 cartas en la mesa para iniciar 4 filas. Cada jugador recibe 10 cartas.""""}";"{""""title"""": """"Turno del Jugador""""";" """"content"""": """"Todos los jugadores eligen una carta de su mano y la revelan a la vez. Las cartas se colocan en las filas en orden ascendente.""""}";"{""""title"""": """"Coger Cartas""""";" """"content"""": """"Si tu carta es la sexta en una fila"; debes recoger las cinco anteriores y tu carta inicia una nueva fila. Si tu carta es más baja que la última de cualquier fila;" debes elegir una fila para recoger.""""}";"{""""title"""": """"Fin del Juego""""";" """"content"""": """"Se juegan 10 rondas. Al final"; se cuentan las cabezas de buey de las cartas recogidas. Quien menos tenga;" gana.""}]"""
16;Blind Business;2-may;10;30;Party, Negociación, Faroleo;Fácil;6.5;Un juego de negociación a ciegas. Los jugadores son mafiosos que intentan hacer tratos para repartirse un botín, pero nadie sabe exactamente qué cartas tiene el otro.;Un party game de negociación pura y dura. Genera situaciones muy divertidas de desconfianza y faroleo. Las reglas son sencillas y las partidas, un caos de acusaciones y tratos rotos.;https://boardgamegeek.com/boardgame/343382/blind-business;Fomenta la negociación y el faroleo,Muy divertido en grupo,Partidas rápidas y caóticas;Requiere un grupo dispuesto a negociar,Puede ser muy ruidoso;false;/images/games/blind-business.jpeg;;"[{""title"": ""Objetivo del Juego"", ""content"": ""Ser el jugador con más puntos al final de la partida.""},{""title"": ""Fase de Negociación"", ""content"": ""Los jugadores tienen un tiempo limitado para negociar entre ellos, ofreciendo cartas de su mano sin revelarlas.""},{""title"": ""Intercambio"", ""content"": ""Dos jugadores pueden acordar un intercambio. Se entregan las cartas y las miran en secreto. Pueden aceptarlas o vetar el trato (con consecuencias).}";;;;;;;;;;;;
17;Cortex;2-jun;8;15;Party, Habilidad, Memoria;Fácil;6.6;Un juego que desafía tu agilidad visual, tu coordinación, tu memoria, tu capacidad de razonamiento... ¡incluso el tacto! Compite con los demás en 8 tipos de retos diferentes.;Un excelente 'brain trainer' hecho juego de mesa. Es muy dinámico y los diferentes tipos de prueba hacen que todos los jugadores tengan la oportunidad de destacar en algo. Las cartas táctiles son un añadido muy original.;https://boardgamegeek.com/boardgame/195059/cortex-challenge;Variedad de pruebas mentales,Divertido y educativo,Muy dinámico;Algunas pruebas son más difíciles que otras,No es para quien busca estrategia profunda;false;/images/games/cortex.jpg;;"[{""title"": ""Objetivo del Juego"", ""content"": ""Ser el primer jugador en conseguir las cuatro piezas de cerebro de diferentes colores.""},{""title"": ""Tipos de Retos"", ""content"": ""Hay 8 tipos de pruebas: memoria, laberinto, color, coordinación, repetición, frecuencia, razonamiento y desafío táctil.""},{""title"": ""Cómo Jugar"", ""content"": ""Se revela una carta y todos los jugadores intentan resolver el reto. El primero que cree tener la solución tapa la carta con la mano y dice la respuesta.""},{""title"": ""Conseguir Cerebros"", ""content"": ""Si aciertas, ganas la carta. Cuando tienes dos cartas del mismo tipo de reto, puedes cambiarlas por una pieza de cerebro.}]""";"{""""title"""": """"Puntuación""""";" """"content"""": """"Al final de la ronda";" se revelan las cartas y se puntúa según los sets que se hayan conseguido.""}]""";;;;;;;;;
18;Catan (cartas);2-abr;10;20;Estrategia, Cartas, Económico;Medio;6.8;Una adaptación para dos jugadores del universo Catan. Los jugadores gestionan sus principados, construyendo ciudades, edificios y unidades, y compitiendo por recursos y puntos de victoria.;Una versión más profunda y controlable de Catan para dos. Elimina gran parte del azar de los dados y se centra en la gestión de la mano y la construcción de un motor de recursos. Tiene más enjundia que el original.;https://boardgamegeek.com/boardgame/278/catan-card-game;Mucha profundidad estratégica,Poco azar,Muy rejugable;Puede ser largo y denso,Curva de aprendizaje mayor que el Catan original;false;/images/games/catan-cartas.jpg;;"[{""title"": ""Objetivo del Juego"", ""content"": ""Ser el primer jugador en alcanzar 12 puntos de victoria.""},{""title"": ""Preparación"", ""content"": ""Cada jugador empieza con un pequeño principado con dos poblados y una carretera.""},{""title"": ""Turno del Jugador"", ""content"": ""Lanzas un dado de producción para ver qué recursos ganas, puedes jugar cartas de acción y luego construir edificios, unidades o ampliar tu principado.""},{""title"": ""Fin del Juego"", ""content"": ""El primer jugador que alcance los 12 puntos de victoria al final de su turno, gana.}]""";;;;;;;;;;;;
19;Ciudadelas;2-ago;10;45;Estrategia, Roles Ocultos, Cartas;Medio;7.1;Los jugadores asumen nuevos roles cada ronda para adquirir oro y construir distritos, con el objetivo de ser el primero en completar su ciudad o tener la ciudad más valiosa.;Un juego brillante de selección de roles y faroleo. La gracia está en intentar adivinar qué personaje han elegido los demás para sacar el máximo provecho de tu habilidad, ya sea asesinando, robando o construyendo.;https://boardgamegeek.com/boardgame/205398/citadels;Selección de roles muy estratégica,Faroleo y deducción,Escala bien a diferentes números de jugadores;El entreturno puede ser largo,Un jugador puede quedar 'fuera' en una ronda;false;/images/games/ciudadelas.webp;;"[{""title"": ""Objetivo del Juego"", ""content"": ""Construir la ciudad con más puntos.""},{""title"": ""Fase de Selección de Roles"", ""content"": ""Al principio de cada ronda, los jugadores eligen en secreto un personaje con una habilidad especial.""},{""title"": ""Fase de Turnos"", ""content"": ""Se llama a los personajes por orden. En tu turno, tomas un recurso y puedes construir un distrito.""},{""title"": ""Fin del Juego"", ""content"": ""Termina la ronda en la que un jugador construye su séptimo u octavo distrito.}]""";;;;;;;;;;;;
20;Coloretto;2-may;8;20;Cartas, Set Collection, Familiar;Fácil;6.9;Un juego de coleccionar sets de cartas de camaleones de colores. En tu turno, o robas una carta para añadirla a una fila, o coges una de las filas de cartas. El truco es que solo tres colores te puntúan en positivo.;Simple, rápido y con decisiones más difíciles de lo que parece. La tensión de '¿robo una carta más para mejorar esta fila o me la llevo ya antes de que otro la estropee?' es constante. Un filler excelente.;https://boardgamegeek.com/boardgame/5782/coloretto;Reglas muy sencillas,Decisiones interesantes,Partidas rápidas;El azar puede ser determinante;false;/images/games/coloretto.jpg;;"[{""title"": ""Objetivo del Juego"", ""content"": ""Conseguir la mayor puntuación coleccionando cartas de colores.""},{""title"": ""Acciones del Turno"", ""content"": ""En tu turno, o robas una carta y la colocas en una fila, o coges todas las cartas de una de las filas.""},{""title"": ""Puntuación"", ""content"": ""Al final, cada jugador elige tres colores que le puntuarán en positivo. El resto de colores que haya cogido le restarán puntos.""},{""title"": ""Fin del Juego"", ""content"": ""La partida termina cuando se acaba el mazo de robo. El jugador con más puntos gana.}]""";;;;;;;;;;;;
21;Deep Sea Adventure;2-jun;8;20;Dados, Forzar la Suerte, Familiar;Fácil;6.8;Un juego de forzar la suerte en el que los jugadores son exploradores que intentan recuperar tesoros de las profundidades marinas. Todos comparten el mismo suministro de oxígeno, que se gasta más rápido cuantos más tesoros lleves.;Una pequeña joya de la tensión y la codicia. Es muy divertido ver cómo los jugadores se arriesgan cada vez más, consumiendo el oxígeno de todos, hasta que alguien entra en pánico e intenta volver. Muchas veces, nadie sobrevive.;https://boardgamegeek.com/boardgame/169654/deep-sea-adventure;Mecánica de forzar la suerte muy bien implementada,Mucha interacción indirecta,Tensión y risas garantizadas;Puede ser muy castigador,Depende mucho de las tiradas de dados;false;/images/games/deep-sea-adventures.webp;;"[{""title"": ""Objetivo del Juego"", ""content"": ""Ser el jugador con más puntos de tesoro después de tres rondas.""},{""title"": ""El Oxígeno Compartido"", ""content"": ""Todos los jugadores comparten un único marcador de oxígeno en el submarino. Al principio de cada turno, el oxígeno baja un nivel por cada tesoro que lleves.""},{""title"": ""Buceo"", ""content"": ""En tu turno, decides si quieres volver al submarino o seguir bajando. Luego, lanzas los dados para moverte y, si caes en una casilla con tesoro, puedes cogerlo.""},{""title"": ""Fin de la Ronda"", ""content"": ""La ronda termina cuando todos los jugadores han vuelto al submarino o se han ahogado. Solo los que vuelven a tiempo conservan sus tesoros.}]""";;;;;;;;;;;;
22;Exploding Kittens;2-may;7;15;Party, Familiar, Cartas;Fácil;6;Una versión de la ruleta rusa impulsada por gatitos. Los jugadores roban cartas hasta que alguien saca un Exploding Kitten, momento en el que explota y queda fuera del juego, a menos que tenga una carta de Desactivación.;Pura tensión y risas. Es un juego donde la suerte juega un papel crucial, pero saber cuándo y cómo jugar tus cartas de acción puede marcar la diferencia. Perfecto para grupos que no quieren pensar mucho.;https://boardgamegeek.com/boardgame/172154/exploding-kittens;Muy fácil de aprender,Partidas muy rápidas y tensas,Humor absurdo;Mucho azar,Poca profundidad estratégica;false;/images/games/exploding-kittens.jpeg;;"[{""title"": ""Objetivo del Juego"", ""content"": ""Ser el último jugador que no ha explotado.""},{""title"": ""Turno del Jugador"", ""content"": ""En tu turno, puedes jugar cartas de acción y terminas robando una carta del mazo.""},{""title"": ""Cartas Clave"", ""content"": ""- **Exploding Kitten:** Si la robas, estás eliminado. \n- **Desactivación:** Te salva de un Exploding Kitten. \n- **NOPE:** Cancela la acción de otro jugador.""},{""title"": ""Fin del Juego"", ""content"": ""El juego continúa hasta que solo queda un jugador.}]""";;;;;;;;;;;;
23;Exploding Kittens: Edición 2 jugadores;2;7;15;Cartas, Party;Fácil;6.2;Una versión del juego diseñada y equilibrada específicamente para dos jugadores. Mantiene la tensión de la ruleta rusa gatuna en un enfrentamiento cara a cara.;Adapta bien la experiencia original a dos jugadores, haciendo que la partida sea más táctica y menos caótica. Las reglas se ajustan para que el enfrentamiento sea directo y tenso desde el primer momento.;https://boardgamegeek.com/boardgame/322045/exploding-kittens-2-player-edition;Equilibrado para dos jugadores,Más táctico que el original,Rápido y directo;Pierde el caos divertido del multijugador;false;/images/games/exploding-kittens-2-jugadores.jpeg;;"[{""title"": ""Objetivo del Juego"", ""content"": ""Hacer que tu oponente robe un Exploding Kitten antes que tú.""},{""title"": ""Diferencias Clave"", ""content"": ""El mazo se prepara de una forma específica para dos jugadores para asegurar la tensión. Algunas reglas de cartas como el 'Ataque' se resuelven de forma diferente.""},{""title"": ""Juego"", ""content"": ""La mecánica base es la misma: juega cartas si quieres y termina tu turno robando una carta, rezando para que no sea un gatito explosivo.}]""";;;;;;;;;;;;
24;Desierto Prohibido;2-may;10;45;Cooperativo, Familiar, Aventura;Medio;7.1;Una tormenta de arena os ha estrellado en medio del desierto. En este juego cooperativo, los jugadores deben trabajar juntos para encontrar las piezas de una legendaria máquina voladora y escapar antes de que la tormenta los entierre para siempre.;Un excelente juego cooperativo que sigue la estela de 'Pandemic'. La gestión del agua y el movimiento constante de la tormenta crean una sensación de urgencia y peligro muy bien conseguida.;https://boardgamegeek.com/boardgame/136063/forbidden-desert;Muy temático y tenso,Gran experiencia cooperativa,Componentes de calidad;Puede ser difícil de ganar,El azar puede ser cruel;false;/images/games/desierto-prohibido.jpg;;"[{""title"": ""Objetivo del Juego"", ""content"": ""Encontrar las 4 piezas de la nave y escapar juntos antes de que se cumpla una de las condiciones de derrota.""},{""title"": ""El Tablero Cambiante"", ""content"": ""El desierto es un tablero modular que se va cubriendo de arena. Si una loseta se entierra demasiado, se bloquea permanentemente.""},{""title"": ""La Tormenta"", ""content"": ""Al final de cada turno, se roban cartas de tormenta que mueven el ojo de la tormenta, añaden arena y pueden hacer que los jugadores pierdan agua.""},{""title"": ""Condiciones de Derrota"", ""content"": ""Se pierde si un jugador se queda sin agua, si la tormenta se vuelve demasiado fuerte o si se agota la arena.}]""";;;;;;;;;;;;
25;Fantasma Blitz;2-ago;8;20;Party, Habilidad, Percepción Visual;Fácil;6.7;Un juego de reconocimiento de formas y colores ultrarrápido que pondrá a prueba tus reflejos. ¿Serás el más rápido en coger el objeto correcto cuando se revele una carta?;Un party game genial que funciona a todas las edades. Es muy fácil de explicar y las partidas son un caos de manos intentando coger el objeto correcto. Las risas están aseguradas, sobre todo con los errores.;https://boardgamegeek.com/boardgame/83195/ghost-blitz;Muy divertido y dinámico,Para todas las edades,Pone a prueba los reflejos;Puede frustrar a jugadores menos rápidos;false;/images/games/fantasma-blitz.jpeg;;"[{""title"": ""Objetivo del Juego"", ""content"": ""Ser el jugador con más cartas al final de la partida.""},{""title"": ""Cómo Jugar"", ""content"": ""Se colocan cinco objetos de madera en el centro. Se revela una carta y todos intentan coger el objeto correcto.""},{""title"": ""¿Qué Objeto Coger?"", ""content"": ""- Si la carta muestra un objeto con su color real, se coge ese objeto. \n- Si no, se coge el objeto que no está representado ni en forma ni en color.""},{""title"": ""Errores"", ""content"": ""Si coges un objeto incorrecto, debes dar una de tus cartas ganadas como penalización.}]""";;;;;;;;;;;;
26;Love Letter;2-jun;10;20;Cartas, Deducción, Party;Fácil;7.2;Un juego de riesgo, deducción y suerte. Tu objetivo es conseguir que tu carta de amor llegue a la Princesa Annette mientras desvías las cartas de los demás pretendientes. Con solo 16 cartas, crea una experiencia de juego profunda.;Increíble cómo con tan pocas cartas se consigue un juego tan redondo. Cada turno es una decisión importante. Es el filler perfecto: se explica en un minuto, se juega en cinco y siempre quieres otra ronda.;https://boardgamegeek.com/boardgame/129622/love-letter;Minimalista y elegante,Rápido y muy rejugable,Mucha deducción en poco tiempo;La eliminación de jugadores puede no gustar,El azar es un factor importante;false;;;"[{""title"": ""Objetivo del Juego"", ""content"": ""Ganar un número determinado de rondas (tokens de afecto).}";;;;;;;;;;;;
27;Carcassonne;2-may;7;40;Familiar, Estrategia, Colocación de Losetas;Fácil;7.4;Juego de colocación de losetas donde los jugadores crean el paisaje de la campiña francesa, reclamando ciudades, caminos, monasterios y granjas para sumar puntos. Una mezcla de estrategia y suerte.;Un clásico atemporal. Es muy satisfactorio ver cómo se construye el mapa en la mesa. Tiene una mezcla perfecta de sencillez, estrategia y un poco de interacción al competir por las estructuras.;https://boardgamegeek.com/boardgame/822/carcassonne;Fácil de aprender, pero con profundidad,Visualmente atractivo,Relajante y estratégico;El azar en el robo de losetas puede ser clave,La puntuación de los granjeros puede ser confusa para novatos;false;;;"[{""title"": ""Objetivo del Juego"", ""content"": ""Conseguir más puntos de victoria que los demás jugadores.""},{""title"": ""Turno del Jugador"", ""content"": ""En tu turno: 1. Robas y colocas una loseta de terreno. 2. Puedes colocar un 'meeple' (seguidor) en esa loseta para reclamar una ciudad, camino, etc.""},{""title"": ""Puntuación"", ""content"": ""Se puntúa durante la partida al completar estructuras y al final por las estructuras incompletas y los granjeros.""},{""title"": ""Fin del Juego"", ""content"": ""Termina cuando se han colocado todas las losetas. El jugador con más puntos gana.}]""";"{""""title"""": """"Desarrollo del Turno""""";" """"content"""": """"En tu turno: 1. Robas una carta. 2. Eliges una de las dos cartas de tu mano";" la juegas y aplicas su efecto.""""}";"{""""title"""": """"Fin de la Ronda""""";" """"content"""": """"Una ronda termina si solo queda un jugador o si el mazo se agota. Gana el jugador que quede en pie o el que tenga la carta de mayor valor.""}]""";;;;;;;
28;Selfish: Space Edition;2-may;8;20;Party, Cartas, Take That;Fácil;6.5;En este juego de cartas, eres un astronauta varado en el espacio y tu objetivo es ser el primero en llegar a la nave de rescate. Usa suministros, sabotea a tus rivales y ten cuidado con los peligros del cosmos. ¡Solo el más egoísta sobrevivirá!;Un juego de 'sálvese quien pueda' muy divertido y temático. La gestión del oxígeno y las cartas de sabotaje crean un ambiente de paranoia y risas. Ideal para grupos a los que les guste la interacción directa.;https://boardgamegeek.com/boardgame/232230/selfish-space-edition;Mucha interacción y sabotaje,Temático y divertido,Reglas sencillas;Mucho azar,Puede ser frustrante si todos van a por ti;false;;;"[{""title"": ""Objetivo del Juego"", ""content"": ""Ser el primer jugador en llegar a la Nave de Rescate.""},{""title"": ""Gestión del Oxígeno"", ""content"": ""Debes gastar una carta de oxígeno al final de cada turno para sobrevivir. Si te quedas sin oxígeno, estás eliminado.""},{""title"": ""Acciones"", ""content"": ""Juega cartas para avanzar, robar oxígeno a otros, desviar agujeros de gusano o defenderte de los ataques.""},{""title"": ""Fin del Juego"", ""content"": ""El primer jugador que llega a la carta 'Nave de Rescate' gana.}]""";;;;;;;;;;;;
29;Sushi Go!;2-may;8;15;Familiar, Cartas, Draft;Fácil;7;Un rápido y divertido juego de 'drafting' de cartas. Elige una carta de sushi de tu mano, pasa el resto al siguiente jugador y trata de hacer las mejores combinaciones de platos para obtener la mayor puntuación.;La introducción perfecta a la mecánica de draft. Es rápido, adorable y muy fácil de jugar. La estrategia reside en fijarte en lo que cogen los demás para intentar adivinar qué cartas te llegarán.;https://boardgamegeek.com/boardgame/133473/sushi-go;Excelente introducción al draft,Partidas muy rápidas,Adorables ilustraciones;El azar es importante,Poca profundidad para jugadores expertos;false;;;"[{""title"": ""Objetivo del Juego"", ""content"": ""Acumular la mayor cantidad de puntos creando combinaciones de sushi a lo largo de tres rondas.""},{""title"": ""Drafting de Cartas"", ""content"": ""Todos los jugadores eligen una carta de su mano y la juegan, pasando el resto de cartas al jugador de al lado.""},{""title"": ""Puntuación"", ""content"": ""Al final de cada ronda, se puntúan las combinaciones de cartas jugadas (makis, tempuras, sashimis, etc.).}";;;;;;;;;;;;
30;Saboteur;3-oct;8;30;Party, Roles Ocultos, Faroleo;Fácil;6.6;Juego de roles ocultos donde los jugadores son enanos mineros en busca de oro. Pero cuidado, algunos son saboteadores que intentarán impedir que los mineros leales lleguen al tesoro.;Un juego de roles ocultos ideal para grupos grandes. La paranoia de no saber quién es un saboteador y ver cómo los túneles no llevan a ninguna parte es muy divertida. Las risas están garantizadas cuando se revelan los roles.;https://boardgamegeek.com/boardgame/9220/saboteur;Funciona muy bien con grupos grandes,Mucha interacción y faroleo,Fácil de explicar;La distribución de roles puede desequilibrar la partida,Puede ser caótico;false;;;"[{""title"": ""Objetivo del Juego"", ""content"": ""- **Mineros:** Construir un camino hasta la pepita de oro. \n- **Saboteadores:** Impedir que los mineros lleguen al oro antes de que se acabe el mazo.""},{""title"": ""Turno del Jugador"", ""content"": ""Puedes jugar una carta de túnel, jugar una carta de acción (romper o reparar herramientas, ver el destino) o descartar una carta.""},{""title"": ""Fin de la Ronda"", ""content"": ""La ronda termina cuando se llega al oro o cuando nadie puede jugar. El equipo ganador recibe oro como puntos.""},{""title"": ""Fin del Juego"", ""content"": ""Tras tres rondas, el jugador con más oro gana.}]""";"{""""title"""": """"Fin del Juego""""";" """"content"""": """"Después de tres rondas";" el jugador con la puntuación total más alta es el ganador.""}]""";;;;;;;;;
31;Zombie Kittens;2-may;7;15;Party, Cartas, Familiar;Fácil;6.8;Una nueva versión independiente de Exploding Kittens que introduce una nueva mecánica: los jugadores que explotan pueden volver al juego. ¡La muerte ya no es el final!;Añade una capa interesante al juego original, eliminando la eliminación de jugadores, lo que puede ser un punto a favor para muchos grupos. La posibilidad de volver como zombi y molestar a los vivos es divertida.;https://boardgamegeek.com/boardgame/360930/zombie-kittens;Evita la eliminación de jugadores,Añade una nueva mecánica divertida,Se puede combinar con el original;Sigue siendo muy dependiente del azar;false;;;"[{""title"": ""Objetivo del Juego"", ""content"": ""Ser el último jugador vivo en la partida.""},{""title"": ""Novedad: Zombificación"", ""content"": ""Cuando explotas, si tienes una carta de Zombie Kitten en tu mano, en lugar de quedar eliminado, la descartas y vuelves a la vida.""},{""title"": ""Ataques a los Zombis"", ""content"": ""Los jugadores vivos pueden usar cartas para obligar a los jugadores zombis a robar cartas. Si un zombi roba un Exploding Kitten, queda eliminado permanentemente.}]""";;;;;;;;;;;;
32;Taco Cat Goat Cheese Pizza;2-ago;8;10;Party, Habilidad, Percepción Visual;Fácil;6.6;Un juego de cartas frenético y de percepción. Los jugadores se turnan para poner una carta en el centro mientras dicen la secuencia 'Taco', 'Gato', 'Cabra', 'Queso', 'Pizza'. Si la carta coincide con la palabra, ¡todos deben poner la mano en el montón!;Pura y simple diversión caótica. Es imposible no reírse con este juego. Es perfecto para romper el hielo y para jugar con gente de todas las edades. Las cartas especiales añaden un plus de locura.;https://boardgamegeek.com/boardgame/252991/taco-cat-goat-cheese-pizza;Extremadamente fácil y rápido,Muy divertido y caótico,Para todas las edades;Cero estrategia, solo reflejos;false;;;"[{""title"": ""Objetivo del Juego"", ""content"": ""Ser el primer jugador en deshacerse de todas sus cartas.""},{""title"": ""Cómo Jugar"", ""content"": ""Por turnos, los jugadores juegan una carta mientras recitan la secuencia 'Taco, Gato, Cabra, Queso, Pizza'.""},{""title"": ""¡Manotazo!"", ""content"": ""Cuando la carta jugada coincide con la palabra dicha, todos deben golpear la pila central. El último en hacerlo se lleva todas las cartas.""},{""title"": ""Cartas Especiales"", ""content"": ""Obligan a hacer un gesto antes de golpear la pila, añadiendo más caos.}]""";;;;;;;;;;;;
33;The Mind;2-abr;8;15;Cooperativo, Cartas, Party;Fácil;6.8;Un experimento cooperativo donde los jugadores deben jugar cartas de su mano en orden ascendente sin comunicarse de ninguna manera. ¿Podrán sincronizar sus mentes para superar todos los niveles?;Más que un juego, es una experiencia. La sensación de sincronía cuando el equipo consigue jugar varias cartas seguidas en orden es increíble. Genera una tensión y una concentración únicas.;https://boardgamegeek.com/boardgame/244992/mind;Experiencia de juego única,Fomenta la conexión en grupo,Reglas muy simples;Puede frustrar si el grupo no conecta,No es un juego de estrategia convencional;false;;;"[{""title"": ""Objetivo del Juego"", ""content"": ""Superar un número determinado de niveles jugando todas las cartas en orden ascendente.""},{""title"": ""La Regla de Oro"", ""content"": ""No se permite ningún tipo de comunicación sobre las cartas.""},{""title"": ""Niveles y Vidas"", ""content"": ""En cada nivel se reparte una carta más a cada jugador. El equipo tiene un número limitado de vidas, que se pierden si se juega una carta fuera de orden.}]""";;;;;;;;;;;;
34;Regicide;1-abr;10;20;Cooperativo, Cartas, Fantasía;Medio;7.5;Un juego de cartas cooperativo y de fantasía que se juega con una baraja de póker estándar. Los jugadores trabajan juntos para derrotar a 12 poderosos enemigos (J, Q, K).;Un juego increíblemente bien diseñado que convierte una simple baraja de póker en una aventura cooperativa desafiante. Cada palo tiene un poder y la gestión de la mano es crucial. Muy recomendable.;https://boardgamegeek.com/boardgame/307024/regicide;Usa una baraja de póker estándar,Desafiante y estratégico,Funciona bien en solitario y en grupo;Puede ser muy difícil,Requiere pensar bien cada jugada;false;;;"[{""title"": ""Objetivo del Juego"", ""content"": ""Derrotar a los 12 miembros de la realeza (J, Q, K) antes de que el mazo se agote.""},{""title"": ""Ataque y Daño"", ""content"": ""Los jugadores juegan cartas para atacar al enemigo. El valor de la carta es el daño infligido.""},{""title"": ""Poder de los Palos"", ""content"": ""Cada palo tiene un poder especial: Picas (escudo), Corazones (curación), Tréboles (doble daño), Diamantes (robar cartas).}";;;;;;;;;;;;
35;Oh My Park!;2-may;8;10;Familiar, Cartas, Draft;Fácil;6.7;Construye el parque de atracciones más divertido y compite contra tus rivales para que sea el mejor. Utiliza tus cartas para crear tu propio parque, eligiendo bien las atracciones y los servicios.;Un filler de draft y colocación de losetas muy apañado. Las reglas de colocación (siempre en orden numérico) le dan un toque de puzle interesante. Rápido, bonito y con decisiones sencillas pero no triviales.;https://boardgamegeek.com/boardgame/380963/oh-my-park;Partidas muy rápidas,Mecánica de draft y puzle,Bonito arte;Puede ser demasiado ligero para algunos;false;;;"[{""title"": ""Objetivo del Juego"", ""content"": ""Ser el jugador con más puntos al final de la partida, construyendo un parque de 3x3 losetas.""},{""title"": ""Desarrollo del Turno"", ""content"": ""En cada una de las 9 rondas, los jugadores eligen una carta, pagan su coste y la colocan en su zona de juego. Luego, pasan las cartas restantes.""},{""title"": ""Reglas de Colocación"", ""content"": ""Las cartas deben colocarse adyacentes a una ya existente y siempre de menor a mayor número, de izquierda a derecha y de arriba a abajo.}]""";"{""""title"""": """"Fin del Juego""""";" """"content"""": """"Los jugadores ganan si derrotan a los 12 enemigos. Pierden si un jugador no puede jugar una carta en su turno.""}]""";;;;;;;;;;
36;Lapsus;2-ago;8;20;Party, Palabras, Cooperativo;Fácil;6.9;Un party game cooperativo donde un jugador es el 'Intérprete' y los demás son 'Creadores'. Los Creadores deben formar palabras con sílabas para que el Intérprete adivine su tema secreto.;Un giro de tuerca a los juegos de palabras. La presión del tiempo y las sílabas limitadas dan lugar a creaciones muy ingeniosas y a situaciones muy cómicas. Fomenta la creatividad y la comunicación no verbal.;https://boardgamegeek.com/boardgame/340945/lapsus;Original y creativo,Muy divertido en grupo,Fomenta el pensamiento lateral;Puede ser frustrante si no se te ocurren palabras;false;;;"[{""title"": ""Objetivo del Juego"", ""content"": ""Como equipo, conseguir la mayor cantidad de puntos adivinando la relación entre palabras y temas.""},{""title"": ""Fase de Creación"", ""content"": ""Durante un minuto, los 'Creadores' usan cartas de sílabas para formar una palabra que represente su tema secreto.""},{""title"": ""Fase de Interpretación"", ""content"": ""El 'Intérprete' debe asignar cada carta de tema a la palabra que cree que le corresponde.}]""";;;;;;;;;;;;
37;Stratego;2;8;45;Estrategia, Abstracto, Deducción;Medio;6.8;Un juego de estrategia clásico de batalla y faroleo. Despliega tu ejército en secreto, protege tu bandera y trata de capturar la bandera de tu oponente. El rango de las piezas es clave, pero cuidado con las bombas y el espía.;Un clásico de la estrategia y el faroleo. La fase de preparación es casi tan importante como la partida en sí. La tensión de mover una pieza sin saber si te vas a encontrar con una bomba o con el Mariscal es fantástica.;https://boardgamegeek.com/boardgame/1917/stratego;Profundidad estratégica,Componente de faroleo y memoria,Clásico atemporal;Solo para dos jugadores,Puede ser lento al principio;false;;;"[{""title"": ""Objetivo del Juego"", ""content"": ""Capturar la bandera del oponente o hacer que no pueda realizar ningún movimiento.""},{""title"": ""Preparación"", ""content"": ""Cada jugador coloca sus 40 piezas en su lado del tablero de forma secreta.""},{""title"": ""Movimiento y Ataque"", ""content"": ""Cuando una pieza se mueve a un espacio ocupado por un oponente, se revelan ambas. La de menor rango es eliminada.""},{""title"": ""Piezas Especiales"", ""content"": ""La Bomba elimina a casi todas las piezas, el Espía puede matar al Mariscal y el Minero desactiva bombas.}]""";;;;;;;;;;;;
38;My City: Roll & Write;1-jun;10;30;Estrategia, Roll & Write, Legacy;Fácil;7.3;Una versión de dados del aclamado juego legacy 'My City'. Cada jugador tiene su propia hoja y, a lo largo de 12 partidas, desarrollará una ciudad única lanzando dados y dibujando edificios.;Consigue capturar la sensación de progreso y evolución del juego original en un formato más rápido y accesible. Es muy satisfactorio ver cómo tu hoja de juego cambia y se añaden nuevas reglas en cada partida.;https://boardgamegeek.com/boardgame/368443/my-city-roll-write;Sensación de progreso (legacy),Adictivo y rejugable,Reglas sencillas que evolucionan;El arte es funcional, sin más;false;;;"[{""title"": ""Objetivo del Juego"", ""content"": ""Obtener la mayor cantidad de puntos de progreso a lo largo de 4 capítulos (12 partidas).}";;;;;;;;;;;;
39;La Tripulación: En busca del noveno planeta;2-may;10;20;Cooperativo, Cartas, Bazas;Fácil;7.9;Un juego de bazas cooperativo en el que los jugadores se embarcan en una aventura espacial. Deben trabajar juntos para completar misiones, pero la comunicación es muy limitada.;Una genialidad. Revoluciona el concepto de los juegos de bazas convirtiéndolo en un puzle cooperativo. Cada una de las 50 misiones es un nuevo reto que pondrá a prueba la astucia del equipo. Imprescindible.;https://boardgamegeek.com/boardgame/284083/crew-quest-planet-nine;Innovador y muy inteligente,Cooperativo real,50 misiones con dificultad creciente;Puede ser frustrante si un jugador comete un error,La comunicación limitada es un reto;false;;;"[{""title"": ""Objetivo del Juego"", ""content"": ""Ganar bazas de una manera específica para cumplir con las condiciones de la misión actual.""},{""title"": ""Juego de Bazas"", ""content"": ""Se juega como un juego de bazas tradicional, pero el objetivo no es llevarse muchas, sino las correctas.""},{""title"": ""Misiones y Tareas"", ""content"": ""Antes de cada misión, se reparten 'cartas de tarea' que obligan a un jugador a ganar una baza específica.""},{""title"": ""Comunicación Limitada"", ""content"": ""Los jugadores no pueden hablar sobre sus cartas, solo pueden usar un token una vez por misión para dar una pista muy concreta.}]""";"{""""title"""": """"Mecánica Roll & Write""""";" """"content"""": """"En cada turno";" se lanzan los dados y todos los jugadores usan el resultado para dibujar un edificio en su hoja.""""}";"{""""title"""": """"Juego Legacy""""";" """"content"""": """"El juego evoluciona a lo largo de 12 partidas"; introduciendo nuevas reglas;" edificios y formas de puntuar.""}]""";;;;;
40;Misión Cumplida;1-abr;8;15;Cooperativo, Cartas, Puzzles;Fácil;6.7;Un juego de cartas cooperativo en el que los jugadores deben cumplir una serie de objetivos comunes, pero con la comunicación limitada. Deberán colocar cartas de colores y números para alcanzar las metas propuestas.;Un puzle cooperativo rápido y desafiante. Es un reto constante de coordinación silenciosa, intentando adivinar las intenciones de tus compañeros para cumplir los objetivos. Funciona muy bien en solitario.;https://boardgamegeek.com/boardgame/256914/cahoots;Desafiante y adictivo,Funciona bien en solitario,Partidas rápidas;La comunicación limitada puede frustrar,El azar puede poner las cosas muy difíciles;false;;;"[{""title"": ""Objetivo del Juego"", ""content"": ""Cumplir un número determinado de cartas de Misión como equipo antes de que se agote el mazo.""},{""title"": ""Desarrollo del Turno"", ""content"": ""En tu turno, juegas una de tus cartas sobre una de las 4 pilas centrales, coincidiendo en color o número.""},{""title"": ""Cumplir Misiones"", ""content"": ""Las misiones se cumplen cuando las cartas superiores de las 4 pilas coinciden con los requisitos de una carta de Misión (ej: 'todas rojas', 'suman 10').}]""";;;;;;;;;;;;
41;Misión Secreta;4-oct;10;20;Party, Roles Ocultos, Deducción;Fácil;6.4;Un juego de roles ocultos semi-cooperativo. Los jugadores son Ingenieros que intentan construir un robot, pero entre ellos hay Impostores que buscan sabotear la misión. ¿Podrás descubrir en quién confiar?;Un juego de roles ocultos muy accesible y rápido. La mecánica de aportar cartas boca abajo a los módulos genera mucha desconfianza y da pie a debates y acusaciones. Ideal para grupos grandes.;https://boardgamegeek.com/boardgame/289906/mision-secreta;Fácil de aprender,Ideal para grupos grandes,Genera mucha paranoia divertida;Puede ser un poco simple para jugadores expertos en roles ocultos;false;;;"[{""title"": ""Objetivo del Juego"", ""content"": ""- **Ingenieros:** Completar los 4 módulos del robot. \n- **Impostores:** Impedir que el robot se complete antes de que se acabe el mazo.""},{""title"": ""Turno del Jugador"", ""content"": ""Juegas una carta de componente boca abajo en uno de los módulos, intentando que coincida con los requisitos.""},{""title"": ""Completar un Módulo"", ""content"": ""Cuando un módulo tiene las cartas necesarias, se revelan. Si son correctas, se completa. Si no, se descartan y se ha perdido un tiempo precioso.}]""";;;;;;;;;;;;
42;Omertà;3-may;10;20;Party, Cartas, Faroleo;Fácil;6.3;En plena Ley Seca, eres el capo de una familia mafiosa. Cuando los Intocables hacen una redada, debes deshacerte de tu alcohol ilegal más rápido que los demás. Un juego de faroleo, deducción y riesgo.;Un juego de memoria y faroleo con una premisa muy divertida. La clave es recordar qué cartas tienes (ya que solo puedes ver dos al principio) e intentar colarles las de mayor valor a tus rivales.;https://boardgamegeek.com/boardgame/347209/omerta;Rápido y con mucha interacción,Componente de memoria y faroleo,Temático;El azar juega un papel importante;false;;;"[{""title"": ""Objetivo del Juego"", ""content"": ""Tener la puntuación más baja al final de la partida.""},{""title"": ""Preparación"", ""content"": ""Cada jugador recibe 4 cartas boca abajo y solo puede mirar 2 de ellas.""},{""title"": ""Declarar Omertà"", ""content"": ""Cuando crees que la suma de tus 4 cartas es 7 o menos, puedes declarar 'Omertà'. Todos revelan sus cartas y se puntúa.}]""";;;;;;;;;;;;
43;Unstable Unicorns;2-ago;10;45;Party, Cartas, Take That;Fácil;6.4;Construye un ejército de unicornios. Empiezas con un bebé unicornio. ¡Pero no te encariñes demasiado, porque ni los bebés unicornio están a salvo en este juego! Hay más de 20 unicornios mágicos para coleccionar, y cada uno tiene un poder especial.;Un juego de 'take that' con un arte adorable y mucho caos. El objetivo es construir tu establo de unicornios mientras saboteas sin piedad a tus amigos. Las cartas de 'Relincho' para cancelar acciones son la sal del juego.;https://boardgamegeek.com/boardgame/234190/unstable-unicorns;Arte muy divertido y atractivo,Mucha interacción directa,Caótico y divertido;Puede ser muy largo y frustrante,Alto factor de azar;false;;;"[{""title"": ""Objetivo del Juego"", ""content"": ""Ser el primer jugador en conseguir un número determinado de unicornios en tu Establo.""},{""title"": ""Fases del Turno"", ""content"": ""1. Activar efectos. 2. Robar una carta. 3. Jugar una carta o robar otra. 4. Descartar el exceso.""},{""title"": ""Tipos de Cartas"", ""content"": ""Hay cartas de Unicornio, Mágicas, Mejoras, Desventajas y los importantes 'Relinchos' para cancelar jugadas.}]""";;;;;;;;;;;;